{
  "phase": 2,
  "converged_step": 1400,
  "mlm_accuracy": 0.7208757400512695,
  "time_to_convergence_min": 491.8414662122726,
  "world_size": 8
}