{
  "phase": 2,
  "converged": true,
  "final_step": 1400,
  "best_mlm_accuracy": 0.7208757400512695,
  "total_time_min": 491.8462221622467,
  "avg_throughput_seq_s": 1554.5238170284254,
  "world_size": 8,
  "global_batch_size": 32768
}