{
  "phase": 2,
  "converged": true,
  "final_step": 1400,
  "best_mlm_accuracy": 0.7211900949478149,
  "total_time_min": 154.85609881480534,
  "avg_throughput_seq_s": 4937.4010614915915,
  "world_size": 32,
  "global_batch_size": 32768
}